3075701112,2009-07-17
3075702130,2009-07-17
3075702922,2009-07-17
3075704734,2009-07-17
3075703664,2009-07-17
3075704256,2009-07-17
3075706494,2009-07-17
3075704928,2009-07-17
3075708548,2009-07-17
3075707162,2009-07-17
3075708260,2009-07-17
3075712400,2009-07-17
3075710592,2009-07-17
3075713712,2009-07-17
3075712098,2009-07-17
3075716124,2009-07-17
3075716880,2009-07-17
3075715182,2009-07-17
3075719002,2009-07-17
3075721650,2009-07-17
3075718050,2009-07-17
3075718820,2009-07-17
3075719752,2009-07-17
3075724526,2009-07-17
3075721042,2009-07-17
3075722098,2009-07-17
3075723366,2009-07-17
3075728658,2009-07-17
3075724220,2009-07-17
3075725850,2009-07-17
3075731074,2009-07-17
3075726536,2009-07-17
3075731872,2009-07-17
3075733594,2009-07-17
3075728904,2009-07-17
3075730304,2009-07-17
3075736654,2009-07-17
3075731018,2009-07-17
3075737930,2009-07-17
3075739388,2009-07-17
3075734458,2009-07-17
3075742968,2009-07-17
3075736966,2009-07-17
3075744648,2009-07-17
3075745798,2009-07-17
3075740304,2009-07-17
3075747440,2009-07-17
3075741538,2009-07-17
3075749398,2009-07-17
3075751090,2009-07-17
3075743474,2009-07-17
3075752416,2009-07-17
3075753696,2009-07-17
3075754726,2009-07-17
3075746728,2009-07-17
3075755654,2009-07-17
3075747926,2009-07-17
3075757330,2009-07-17
3075758426,2009-07-17
3075759462,2009-07-17
3075751206,2009-07-17
3075760528,2009-07-17
3075761552,2009-07-17
3075762914,2009-07-17
3075764216,2009-07-17
3075765018,2009-07-17
3075756476,2009-07-17
3075766892,2009-07-17
3075758730,2009-07-17
3075768628,2009-07-17
3075760860,2009-07-17
3075770800,2009-07-17
3075761928,2009-07-17
3075763280,2009-07-17
3075774460,2009-07-17
3075775896,2009-07-17
3075765682,2009-07-17
3075777450,2009-07-17
3075766612,2009-07-17
3075778458,2009-07-17
3075768958,2009-07-17
3075780850,2009-07-17
3075769864,2009-07-17
3075782026,2009-07-17
3075771090,2009-07-17
3075772048,2009-07-17
3075783602,2009-07-17
3075784536,2009-07-17
3075773518,2009-07-17
3075786898,2009-07-17
3075775358,2009-07-17
3075788212,2009-07-17
3075776766,2009-07-17
3075788934,2009-07-17
3075777722,2009-07-17
3075789976,2009-07-17
3075778904,2009-07-17
3075790824,2009-07-17
3075780428,2009-07-17
3075781466,2009-07-17
3075794142,2009-07-17
3075795066,2009-07-17
3075796414,2009-07-17
3075797460,2009-07-17
3075785648,2009-07-17
3075799024,2009-07-17
3075786938,2009-07-17
3075799770,2009-07-17
3075800508,2009-07-17
3075801398,2009-07-17
3075789040,2009-07-17
3075802170,2009-07-17
3075802970,2009-07-17
3075791716,2009-07-17
3075804424,2009-07-17
3075792562,2009-07-17
3075805826,2009-07-17
3075806586,2009-07-17
3075807838,2009-07-17
3075795150,2009-07-17
3075808842,2009-07-17
3075810560,2009-07-17
3075798266,2009-07-17
3075811628,2009-07-17
3075801254,2009-07-17
3075815032,2009-07-17
3075816118,2009-07-17
3075803650,2009-07-17
3075818534,2009-07-17
3075804642,2009-07-17
3075805358,2009-07-17
3075820200,2009-07-17
3075806728,2009-07-17
3075821926,2009-07-17
3075807508,2009-07-17
3075808412,2009-07-17
3075809668,2009-07-17
3075824086,2009-07-17
3075824756,2009-07-17
3075811888,2009-07-17
3075812538,2009-07-17
3075827294,2009-07-17
3075813360,2009-07-17
3075828208,2009-07-17
3075814262,2009-07-17
3075829774,2009-07-17
3075817610,2009-07-17
3075832238,2009-07-17
3075832874,2009-07-17
3075833586,2009-07-17
3075835054,2009-07-17
3075836086,2009-07-17
3075836814,2009-07-17
3075821728,2009-07-17
3075837838,2009-07-17
3075839196,2009-07-17
3075840054,2009-07-17
3075825618,2009-07-17
3075841816,2009-07-17
3075843002,2009-07-17
3075828100,2009-07-17
3075844348,2009-07-17
3075844828,2009-07-17
3075829298,2009-07-17
3075846810,2009-07-17
3075830318,2009-07-17
3075831814,2009-07-17
3075833428,2009-07-17
3075837424,2009-07-17
3075854578,2009-07-17
3075838444,2009-07-17
3075839102,2009-07-17
3075857934,2009-07-17
3075858620,2009-07-17
3075860096,2009-07-17
3075843556,2009-07-17
3075865602,2009-07-17
3075847934,2009-07-17
3075866224,2009-07-17
3075849900,2009-07-17
3075869366,2009-07-17
3075853134,2009-07-17
3075856512,2009-07-17
3075859678,2009-07-17
3075862002,2009-07-17
3075862838,2009-07-17
3075865968,2009-07-17
3075868088,2009-07-17
3075869952,2009-07-17
3075874258,2009-07-17
3075875830,2009-07-17
3075877948,2009-07-17
3075882072,2009-07-17
3075884660,2009-07-17
3075885518,2009-07-17
3075889640,2009-07-17
3075891366,2009-07-17
3075893412,2009-07-17
3075895804,2009-07-17
3075897376,2009-07-17
3075898828,2009-07-17
3075899292,2009-07-17
3075900478,2009-07-17
3075901168,2009-07-17
3075903018,2009-07-17
3075902270,2009-07-17
3075903780,2009-07-17
3075905280,2009-07-17
3075906236,2009-07-17
3075907010,2009-07-17
3075906124,2009-07-17
3075911032,2009-07-17
3075908788,2009-07-17
3075911700,2009-07-17
3075912388,2009-07-17
3075909878,2009-07-17
3075914962,2009-07-17
3075915994,2009-07-17
3075913576,2009-07-17
3075919320,2009-07-17
3075920024,2009-07-17
3075916078,2009-07-17
3075921108,2009-07-17
3075917678,2009-07-17
3075923052,2009-07-17
3075918648,2009-07-17
3075919820,2009-07-17
3075925076,2009-07-17
3075921158,2009-07-17
3075923236,2009-07-17
3075925782,2009-07-17
3075928156,2009-07-17
3075929952,2009-07-17
3075932692,2009-07-17
3075934342,2009-07-17
3075942756,2009-07-17
3075943690,2009-07-17
3075945662,2009-07-17
3075937354,2009-07-17
3075949044,2009-07-17
3075950098,2009-07-17
3075950930,2009-07-17
3075953496,2009-07-17
3075954190,2009-07-17
3075959362,2009-07-17
3075962362,2009-07-17
3075965600,2009-07-17
3075966248,2009-07-17
3075968052,2009-07-17
3075970288,2009-07-17
3075975176,2009-07-17
3075975872,2009-07-17
3075978144,2009-07-17
3075979398,2009-07-17
3075981428,2009-07-17
3075983562,2009-07-17
3075984582,2009-07-17
3075985500,2009-07-17
3075990514,2009-07-17
3075975178,2009-07-17
3075991252,2009-07-17
3075992454,2009-07-17
3075977628,2009-07-17
3075994492,2009-07-17
3075994934,2009-07-17
3075980860,2009-07-17
3075999940,2009-07-17
3075983926,2009-07-17
3075987130,2009-07-17
3076004736,2009-07-17
3075988534,2009-07-17
3075989398,2009-07-17
3076006432,2009-07-17
3076007470,2009-07-17
3075991172,2009-07-17
3075993034,2009-07-17
3076011654,2009-07-17
3076012500,2009-07-17
3075994944,2009-07-17
3075996278,2009-07-17
3076015526,2009-07-17
3076016662,2009-07-17
3076001188,2009-07-17
3076020766,2009-07-17
3076022706,2009-07-17
3076023618,2009-07-17
3076005000,2009-07-17
3076024950,2009-07-17
3076006322,2009-07-17
3076025904,2009-07-17
3076007798,2009-07-17
3076028852,2009-07-17
3076010932,2009-07-17
3076012882,2009-07-17
3076031950,2009-07-17
3076014212,2009-07-17
3076033486,2009-07-17
3076015478,2009-07-17
3076017626,2009-07-17
3076036680,2009-07-17
3076018912,2009-07-17
3076038406,2009-07-17
3076039478,2009-07-17
3076023612,2009-07-17
3076043314,2009-07-17
3076046460,2009-07-17
3076029170,2009-07-17
3076049748,2009-07-17
3076031410,2009-07-17
3076051160,2009-07-17
3076032640,2009-07-17
3076052658,2009-07-17
3076033988,2009-07-17
3076035766,2009-07-17
3076038118,2009-07-17
3076058178,2009-07-17
3076059038,2009-07-17
3076041678,2009-07-17
3076062134,2009-07-17
3076063970,2009-07-17
3076065566,2009-07-17
3076046470,2009-07-17
3076047672,2009-07-17
3076050852,2009-07-17
3076055612,2009-07-17
3076059784,2009-07-17
3076064338,2009-07-17
3076065358,2009-07-17
3076067590,2009-07-17
3076068686,2009-07-17
3076071014,2009-07-17
3076073610,2009-07-17
3076075090,2009-07-17
3076077548,2009-07-17
3076081254,2009-07-17
3076082692,2009-07-17
3076084246,2009-07-17
3076085668,2009-07-17
3076089348,2009-07-17
3076090366,2009-07-17
3076114362,2009-07-17
3076094188,2009-07-17
3076117924,2009-07-17
3076119182,2009-07-17
3076119982,2009-07-17
3076097650,2009-07-17
3076103808,2009-07-17
3076105334,2009-07-17
3076107906,2009-07-17
3076110996,2009-07-17
3076113818,2009-07-17
3076117876,2009-07-17
3076122112,2009-07-17
3076123760,2009-07-17
3076125506,2009-07-17
3076129488,2009-07-17
3076124898,2009-07-17
3076126330,2009-07-17
3076131250,2009-07-17
3076129486,2009-07-17
3076136426,2009-07-17
3076132994,2009-07-17
3076139324,2009-07-17
3076134914,2009-07-17
3076140418,2009-07-17
3076137204,2009-07-17
3076143092,2009-07-17
3076145292,2009-07-17
3076150098,2009-07-17
3076152766,2009-07-17
3076155528,2009-07-17
3076156868,2009-07-17
3076159260,2009-07-17
3076162544,2009-07-17
3076165684,2009-07-17
3076167526,2009-07-17
3076172906,2009-07-17
3076174708,2009-07-17
3076179384,2009-07-17
3076181610,2009-07-17
3076189666,2009-07-17
3076191190,2009-07-17
3076192988,2009-07-17
3076195212,2009-07-17
3076211982,2009-07-17
3076200254,2009-07-17
3076203022,2009-07-17
3076205978,2009-07-17
3076206764,2009-07-17
3076208228,2009-07-17
3076211776,2009-07-17
3076213224,2009-07-17
3076214082,2009-07-17
3076215270,2009-07-17
3076216672,2009-07-17
3076219524,2009-07-17
3076318044,2009-07-17
3076318368,2009-07-17
3076319326,2009-07-17
3076319976,2009-07-17
3076320880,2009-07-17
3076322446,2009-07-17
3076323644,2009-07-17
3076325716,2009-07-17
3076327102,2009-07-17
3076327636,2009-07-17
3076327960,2009-07-17
3076329102,2009-07-17
3076330098,2009-07-17
3076330164,2009-07-17
3076331340,2009-07-17
3076331856,2009-07-17
3076332428,2009-07-17
3076332372,2009-07-17
3076335100,2009-07-17
3076335472,2009-07-17
3076336884,2009-07-17
3076337954,2009-07-17
3076338380,2009-07-17
3076342648,2009-07-17
3076342994,2009-07-17
3076343428,2009-07-17
3076344542,2009-07-17
3076344876,2009-07-17
3076347052,2009-07-17
3076347512,2009-07-17
3076347846,2009-07-17
3076348274,2009-07-17
3076348954,2009-07-17
3076349478,2009-07-17
3076350208,2009-07-17
3076351828,2009-07-17
3076352582,2009-07-17
3076353076,2009-07-17
3076353394,2009-07-17
3076353812,2009-07-17
3076354172,2009-07-17
3076354496,2009-07-17
3076355422,2009-07-17
3076355908,2009-07-17
3076356798,2009-07-17
3076357272,2009-07-17
3076358032,2009-07-17
3076358390,2009-07-17
3076358772,2009-07-17
3076359488,2009-07-17
3076360584,2009-07-17
3076361452,2009-07-17
3076362340,2009-07-17
3076362704,2009-07-17
3076363052,2009-07-17
3076363426,2009-07-17
3076364536,2009-07-17
3076364910,2009-07-17
3076365314,2009-07-17
3076366928,2009-07-17
3076367268,2009-07-17
3076368976,2009-07-17
3076370606,2009-07-17
3076371228,2009-07-17
3076371562,2009-07-17
3076371878,2009-07-17
3076373646,2009-07-17
3076374074,2009-07-17
3076374592,2009-07-17
3076375470,2009-07-17
3076376164,2009-07-17
3076376560,2009-07-17
3076376916,2009-07-17
3077176354,2009-07-17
3077178534,2009-07-17
3077180204,2009-07-17
3077185134,2009-07-17
3077188614,2009-07-17
3077190162,2009-07-17
3077191382,2009-07-17
3077196274,2009-07-17
3077198238,2009-07-17
3077200130,2009-07-17
3077200740,2009-07-17
3077201864,2009-07-17
3077202892,2009-07-17
3077204776,2009-07-17
3077207994,2009-07-17
3077206604,2009-07-17
3077208132,2009-07-17
3077209000,2009-07-17
3077209676,2009-07-17
3077210736,2009-07-17
3077211298,2009-07-17
3077212560,2009-07-17
3077217388,2009-07-17
3077216034,2009-07-17
3077216932,2009-07-17
3077219074,2009-07-17
3077220430,2009-07-17
3077223724,2009-07-17
3077222906,2009-07-17
3077225484,2009-07-17
3077224400,2009-07-17
3077226194,2009-07-17
3077225536,2009-07-17
3077226512,2009-07-17
3077228968,2009-07-17
3077227576,2009-07-17
3077231064,2009-07-17
3077228960,2009-07-17
3077232114,2009-07-17
3077234078,2009-07-17
3077233090,2009-07-17
3077235266,2009-07-17
3077236392,2009-07-17
3077237604,2009-07-17
3077238714,2009-07-17
3077240070,2009-07-17
3077239786,2009-07-17
3077242794,2009-07-17
3077244340,2009-07-17
3077245094,2009-07-17
3077244338,2009-07-17
3077246708,2009-07-17
3077248426,2009-07-17
3077246096,2009-07-17
3077246924,2009-07-17
3077248296,2009-07-17
3077250736,2009-07-17
3077251334,2009-07-17
3077251864,2009-07-17
3077254102,2009-07-17
3077256158,2009-07-17
3077257306,2009-07-17
3077258066,2009-07-17
3077260120,2009-07-17
3077263428,2009-07-17
3077262172,2009-07-17
3077264710,2009-07-17
3077266270,2009-07-17
3077264102,2009-07-17
3077269000,2009-07-17
3077267806,2009-07-17
3077270964,2009-07-17
3077272058,2009-07-17
3077271412,2009-07-17
3077275334,2009-07-17
3077275566,2009-07-17
3077276674,2009-07-17
3077278334,2009-07-17
3077279162,2009-07-17
3077283058,2009-07-17
3077281386,2009-07-17
3077284876,2009-07-17
3077286998,2009-07-17
3077288470,2009-07-17
3077289736,2009-07-17
3077289148,2009-07-17
3077290852,2009-07-17
3077291326,2009-07-17
3077292582,2009-07-17
3077294228,2009-07-17
3077295844,2009-07-17
3077297250,2009-07-17
3077300250,2009-07-17
3077303682,2009-07-18
3077304360,2009-07-18
3077306348,2009-07-18
3077305916,2009-07-18
3077307928,2009-07-18
3077309488,2009-07-18
3077310374,2009-07-18
3077311348,2009-07-18
3077312482,2009-07-18
3077314790,2009-07-18
3077314228,2009-07-18
3077315840,2009-07-18
3077316780,2009-07-18
3077318566,2009-07-18
3077319332,2009-07-18
3077319632,2009-07-18
3077322554,2009-07-18
3077322860,2009-07-18
3077325726,2009-07-18
3077328230,2009-07-18
3077331462,2009-07-18
3077327546,2009-07-18
3077330902,2009-07-18
3077332326,2009-07-18
3077334658,2009-07-18
3077335050,2009-07-18
3077335558,2009-07-18
3077336210,2009-07-18
3077338024,2009-07-18
3077339986,2009-07-18
3077339042,2009-07-18
3077345020,2009-07-18
3077347236,2009-07-18
3077343832,2009-07-18
3077344596,2009-07-18
3077350646,2009-07-18
3077352702,2009-07-18
3077353750,2009-07-18
3077354442,2009-07-18
3077355724,2009-07-18
3077355486,2009-07-18
3077356656,2009-07-18
3077359460,2009-07-18
3077360570,2009-07-18
3077361406,2009-07-18
3077362354,2009-07-18
3077364888,2009-07-18
3077365764,2009-07-18
3077364216,2009-07-18
3077366494,2009-07-18
3077367910,2009-07-18
3077369226,2009-07-18
3077371708,2009-07-18
3077368646,2009-07-18
3077369952,2009-07-18
3077371230,2009-07-18
3077373278,2009-07-18
3077373968,2009-07-18
3077375290,2009-07-18
3077375478,2009-07-18
3077376928,2009-07-18
3077378322,2009-07-18
3077378382,2009-07-18
3077380364,2009-07-18
3077382566,2009-07-18
3077383572,2009-07-18
3077382724,2009-07-18
3077383676,2009-07-18
3077384912,2009-07-18
3077384390,2009-07-18
3077386762,2009-07-18
3077387872,2009-07-18
3077388224,2009-07-18
3077389628,2009-07-18
3077390424,2009-07-18
3077389880,2009-07-18
3077392998,2009-07-18
3077394124,2009-07-18
3077394190,2009-07-18
3077395660,2009-07-18
3077396360,2009-07-18
3077396548,2009-07-18
3077399588,2009-07-18
3077398618,2009-07-18
3077401126,2009-07-18
3077401974,2009-07-18
3077404832,2009-07-18
3077404570,2009-07-18
3077405218,2009-07-18
3077407564,2009-07-18
3077408644,2009-07-18
3077407150,2009-07-18
3077409376,2009-07-18
3077408808,2009-07-18
3077411590,2009-07-18
3077413182,2009-07-18
3077411766,2009-07-18
3077416074,2009-07-18
3077414936,2009-07-18
3077417176,2009-07-18
3077415850,2009-07-18
3077416666,2009-07-18
3077417968,2009-07-18
3077419018,2009-07-18
3077419670,2009-07-18
3077420032,2009-07-18
3077420340,2009-07-18
3077420628,2009-07-18
3077421296,2009-07-18
3077422712,2009-07-18
3077423716,2009-07-18
3077424404,2009-07-18
3077425066,2009-07-18
3077424182,2009-07-18
3077425726,2009-07-18
3077425136,2009-07-18
3077428404,2009-07-18
3077425876,2009-07-18
3077426510,2009-07-18
3077427900,2009-07-18
3077428992,2009-07-18
3077430032,2009-07-18
3077430698,2009-07-18
3077429126,2009-07-18
3077432084,2009-07-18
3077432744,2009-07-18
3077434688,2009-07-18
3077435398,2009-07-18
3077435792,2009-07-18
3077436376,2009-07-18
3077438100,2009-07-18
3077438848,2009-07-18
3077439536,2009-07-18
3077440620,2009-07-18
3077442660,2009-07-18
3077441654,2009-07-18
3077446202,2009-07-18
3077445748,2009-07-18
3077447866,2009-07-18
3077450238,2009-07-18
3077448448,2009-07-18
3077452080,2009-07-18
3077454258,2009-07-18
3077455260,2009-07-18
3077457970,2009-07-18
3077456192,2009-07-18
3077457164,2009-07-18
3077459430,2009-07-18
3077461050,2009-07-18
3077460988,2009-07-18
3077464644,2009-07-18
3077464436,2009-07-18
3077468094,2009-07-18
3077471110,2009-07-18
3077467704,2009-07-18
3077469166,2009-07-18
3077470900,2009-07-18
3077473588,2009-07-18
3077474492,2009-07-18
3077476982,2009-07-18
3077477040,2009-07-18
3077478654,2009-07-18
3077477498,2009-07-18
3077479486,2009-07-18
3077481304,2009-07-18
3077480278,2009-07-18
3077483512,2009-07-18
3077485892,2009-07-18
3077483920,2009-07-18
3077484678,2009-07-18
3077486318,2009-07-18
3077486858,2009-07-18
3077488066,2009-07-18
3077489416,2009-07-18
3077490436,2009-07-18
3077492774,2009-07-18
3077493954,2009-07-18
3077492650,2009-07-18
3077493564,2009-07-18
3077495820,2009-07-18
3077494002,2009-07-18
3077497132,2009-07-18
3077497702,2009-07-18
3077495124,2009-07-18
3077497698,2009-07-18
3077502056,2009-07-18
3077499950,2009-07-18
3077500586,2009-07-18
3077501090,2009-07-18
3077501622,2009-07-18
3077502632,2009-07-18
3077503310,2009-07-18
3077505480,2009-07-18
3077506574,2009-07-18
3077508198,2009-07-18
3077507694,2009-07-18
3077508750,2009-07-18
3077510896,2009-07-18
3077511786,2009-07-18
3077512982,2009-07-18
3077512190,2009-07-18
3077514316,2009-07-18
3077515636,2009-07-18
3077516840,2009-07-18
3077518384,2009-07-18
3077520158,2009-07-18
3077519538,2009-07-18
3077525116,2009-07-18
3077530510,2009-07-18
3077531854,2009-07-18
3077532966,2009-07-18
3077534938,2009-07-18
3077535852,2009-07-18
3077536692,2009-07-18
3077536392,2009-07-18
3077536980,2009-07-18
3077538298,2009-07-18
3077539304,2009-07-18
3077541332,2009-07-18
3077542196,2009-07-18
3077540136,2009-07-18
3077540944,2009-07-18
3077546176,2009-07-18
3077542944,2009-07-18
3077543346,2009-07-18
3077545106,2009-07-18
3077549126,2009-07-18
3077546756,2009-07-18
3077547426,2009-07-18
3077548256,2009-07-18
3077550388,2009-07-18
3077552992,2009-07-18
3077552168,2009-07-18
3077554174,2009-07-18
3077557824,2009-07-18
3077558842,2009-07-18
3077560844,2009-07-18
3077558936,2009-07-18
3077562992,2009-07-18
3077560046,2009-07-18
3077560992,2009-07-18
3077561972,2009-07-18
3077563266,2009-07-18
3077565282,2009-07-18
3077565346,2009-07-18
3077566252,2009-07-18
3077566192,2009-07-18
3077568360,2009-07-18
3077568256,2009-07-18
3077568908,2009-07-18
3077570014,2009-07-18
3077571242,2009-07-18
3077570066,2009-07-18
3077571810,2009-07-18
3077572694,2009-07-18
3077573418,2009-07-18
3077575914,2009-07-18
3077574304,2009-07-18
3077580212,2009-07-18
3077577198,2009-07-18
3077578244,2009-07-18
3077578970,2009-07-18
3077579796,2009-07-18
3077580922,2009-07-18
3077581138,2009-07-18
3077582520,2009-07-18
3077584322,2009-07-18
3077588352,2009-07-18
3077593714,2009-07-18
3077596024,2009-07-18
3077598564,2009-07-18
3077599772,2009-07-18
3077600348,2009-07-18
3077601336,2009-07-18
3077603718,2009-07-18
3077604418,2009-07-18
3077604240,2009-07-18
3077607330,2009-07-18
3077605232,2009-07-18
3077607942,2009-07-18
3077606708,2009-07-18
3077609394,2009-07-18
3077610488,2009-07-18
3077607786,2009-07-18
3077608334,2009-07-18
3077611130,2009-07-18
3077611520,2009-07-18
3077611944,2009-07-18
3077609704,2009-07-18
3077610580,2009-07-18
3077623690,2009-07-18
3077624568,2009-07-18
3077625984,2009-07-18
3077626978,2009-07-18
3077627904,2009-07-18
3077628936,2009-07-18
3077630458,2009-07-18
3077631800,2009-07-18
3077633322,2009-07-18
3077634860,2009-07-18
3077635860,2009-07-18
3077636798,2009-07-18
3077638706,2009-07-18
3077639502,2009-07-18
3077640914,2009-07-18
3077644642,2009-07-18
3077645362,2009-07-18
3077646200,2009-07-18
3077648790,2009-07-18
3077649712,2009-07-18
3077652834,2009-07-18
3077671138,2009-07-18
3077672746,2009-07-18
3077673754,2009-07-18
3077674626,2009-07-18
3077675590,2009-07-18
3077676106,2009-07-18
3077682820,2009-07-18
3077684370,2009-07-18
3077683866,2009-07-18
3077685966,2009-07-18
3077686196,2009-07-18
3077685244,2009-07-18
3077687336,2009-07-18
3077687684,2009-07-18
3077686054,2009-07-18
3077688008,2009-07-18
3077688748,2009-07-18
3077687370,2009-07-18
3077689732,2009-07-18
3077690082,2009-07-18
3077690682,2009-07-18
3077690970,2009-07-18
3077691186,2009-07-18
3077691388,2009-07-18
3077690148,2009-07-18
3077692656,2009-07-18
3077693674,2009-07-18
3077691312,2009-07-18
3077693950,2009-07-18
3077695126,2009-07-18
3077695398,2009-07-18
3077695676,2009-07-18
3077696938,2009-07-18
3077694082,2009-07-18
3077697256,2009-07-18
3077696306,2009-07-18
3077698080,2009-07-18
3077698284,2009-07-18
3077699536,2009-07-18
3077701572,2009-07-18
3077702032,2009-07-18
3077703240,2009-07-18
3077703836,2009-07-18
3077704636,2009-07-18
3077705006,2009-07-18
3077705332,2009-07-18
3077705910,2009-07-18
3077705424,2009-07-18
3077706318,2009-07-18
3077706920,2009-07-18
3077706670,2009-07-18
3077707450,2009-07-18
3077709958,2009-07-18
3077710462,2009-07-18
3077711602,2009-07-18
3077710860,2009-07-18
3077712154,2009-07-18
3077712712,2009-07-18
3077711770,2009-07-18
3077713182,2009-07-18
3077712534,2009-07-18
3077713622,2009-07-18
3077714112,2009-07-18
3077715598,2009-07-18
3077714948,2009-07-18
3077716782,2009-07-18
3077717172,2009-07-18
3077715830,2009-07-18
3077717806,2009-07-18
3077718364,2009-07-18
3077718882,2009-07-18
3077719448,2009-07-18
3077720294,2009-07-18
3077719616,2009-07-18
3077721670,2009-07-18
3077722328,2009-07-18
3077720340,2009-07-18
3077720734,2009-07-18
3077722750,2009-07-18
3077723284,2009-07-18
3077723854,2009-07-18
3077721982,2009-07-18
3077724300,2009-07-18
3077724692,2009-07-18
3077725366,2009-07-18
3077725872,2009-07-18
3077726376,2009-07-18
3077726936,2009-07-18
3077727506,2009-07-18
3077729272,2009-07-18
3077730022,2009-07-18
3077727400,2009-07-18
3077730602,2009-07-18
3077731284,2009-07-18
3077731760,2009-07-18
3077732266,2009-07-18
3077730550,2009-07-18
3077731318,2009-07-18
3077731790,2009-07-18
3077732702,2009-07-18
3077733322,2009-07-18
3077736354,2009-07-18
3077736050,2009-07-18
3077736800,2009-07-18
3077737342,2009-07-18
3077737966,2009-07-18
3077739540,2009-07-18
3077739252,2009-07-18
3077740010,2009-07-18
3077740056,2009-07-18
3077740572,2009-07-18
3077740570,2009-07-18
3077741172,2009-07-18
3077741632,2009-07-18
3077741622,2009-07-18
3077742032,2009-07-18
3077742426,2009-07-18
3077742628,2009-07-18
3077742678,2009-07-18
3077743054,2009-07-18
3077742476,2009-07-18
3077743488,2009-07-18
3077743972,2009-07-18
3077743386,2009-07-18
3077744300,2009-07-18
3077744574,2009-07-18
3077744840,2009-07-18
3058755354,2009-07-12
3058756196,2009-07-12
3058757746,2009-07-12
3058759714,2009-07-12
3058760508,2009-07-12
3058762774,2009-07-12
3058764048,2009-07-12
3058765914,2009-07-12
3058767246,2009-07-12
3058770196,2009-07-12
3058771864,2009-07-12
3058772836,2009-07-12
3058774748,2009-07-12
3058776698,2009-07-12
3058779474,2009-07-12
3058782520,2009-07-12
3058785838,2009-07-12
3058787824,2009-07-12
3058790968,2009-07-12
3058792480,2009-07-12
3058793902,2009-07-12
3058795792,2009-07-12
3058797350,2009-07-12
3058799180,2009-07-12
3058799842,2009-07-12
3058801944,2009-07-12
3058803310,2009-07-12
3058805194,2009-07-12
3058806994,2009-07-12
3058808094,2009-07-12
3058810340,2009-07-12
3058811264,2009-07-12
3058813694,2009-07-12
3058815322,2009-07-12
3058816092,2009-07-12
3058816944,2009-07-12
3058817884,2009-07-12
3058821412,2009-07-12
3058822496,2009-07-12
3058824898,2009-07-12
3058828406,2009-07-12
3058830360,2009-07-12
3058833508,2009-07-12
3058834626,2009-07-12
3058835752,2009-07-12
3058836484,2009-07-12
3058838078,2009-07-12
3058839390,2009-07-12
3058841784,2009-07-12
3058842992,2009-07-12
3058846534,2009-07-12
3058847978,2009-07-12
3058848760,2009-07-12
3058849400,2009-07-12
3058851056,2009-07-12
3058854830,2009-07-12
3058857318,2009-07-12
3058857826,2009-07-12
3058859020,2009-07-12
3058859588,2009-07-12
3058860270,2009-07-12
3058860902,2009-07-12
3058862114,2009-07-12
3058864082,2009-07-12
3058865598,2009-07-12
3058867048,2009-07-12
3058867626,2009-07-12
3058871024,2009-07-12
3058872416,2009-07-12
3058872996,2009-07-12
3058873816,2009-07-12
3058874402,2009-07-12
3058874860,2009-07-12
3058876608,2009-07-12
3058877532,2009-07-12
3058879818,2009-07-12
3058881408,2009-07-12
3058885512,2009-07-12
3058887128,2009-07-12
3058890676,2009-07-12
3058891370,2009-07-12
3058892700,2009-07-12
3058899198,2009-07-12
3058899972,2009-07-12
3058900818,2009-07-12
3058902396,2009-07-12
3058902854,2009-07-12
3058906650,2009-07-12
3058908688,2009-07-12
3058909528,2009-07-12
3058931720,2009-07-12
3058932608,2009-07-12
3058936768,2009-07-12
3058937758,2009-07-12
3058938202,2009-07-12
3058938930,2009-07-12
3058940708,2009-07-12
3058940912,2009-07-12
3058942422,2009-07-12
3058944338,2009-07-12
3058945868,2009-07-12
3058946428,2009-07-12
3058948290,2009-07-12
3058947842,2009-07-12
3058952998,2009-07-12
3058950370,2009-07-12
3058951050,2009-07-12
3058951494,2009-07-12
3058952178,2009-07-12
3058955634,2009-07-12
3058957018,2009-07-12
3058958706,2009-07-12
3058955360,2009-07-12
3058959710,2009-07-12
3058961656,2009-07-12
3058958316,2009-07-12
3058958886,2009-07-12
3058959458,2009-07-12
3058964844,2009-07-12
3058960158,2009-07-12
3058960722,2009-07-12
3058966326,2009-07-12
3058961486,2009-07-12
3058966940,2009-07-12
3058969776,2009-07-12
3058965228,2009-07-12
3058971534,2009-07-12
3058965766,2009-07-12
3058966716,2009-07-12
3058973894,2009-07-12
3058967638,2009-07-12
3058975016,2009-07-12
3058976008,2009-07-12
3058976882,2009-07-12
3058972046,2009-07-12
3058979760,2009-07-12
3058982076,2009-07-12
3058983236,2009-07-12
3058985190,2009-07-12
3058987202,2009-07-12
3058990018,2009-07-12
3058991314,2009-07-12
3058994528,2009-07-12
3058996840,2009-07-12
3058998260,2009-07-12
3058999566,2009-07-12
3059003162,2009-07-12
3059005698,2009-07-12
3059007508,2009-07-12
3058995774,2009-07-12
3059011144,2009-07-12
3058998088,2009-07-12
3058999306,2009-07-12
3059012924,2009-07-12
3059014150,2009-07-12
3059003286,2009-07-12
3059019784,2009-07-12
3059005430,2009-07-12
3059020596,2009-07-12
3059022608,2009-07-12
3059024022,2009-07-12
3059025166,2009-07-12
3059008982,2009-07-12
3059026600,2009-07-12
3059027516,2009-07-12
3059011150,2009-07-12
3059029296,2009-07-12
3059013322,2009-07-12
3059014822,2009-07-12
3059034436,2009-07-12
3059017378,2009-07-12
3059035600,2009-07-12
3059018226,2009-07-12
3059036658,2009-07-12
3059039028,2009-07-12
3059040344,2009-07-12
3059021950,2009-07-12
3059023132,2009-07-12
3059043484,2009-07-12
3059025332,2009-07-12
3059044990,2009-07-12
3059047702,2009-07-12
3059048756,2009-07-12
3059029964,2009-07-12
3059031474,2009-07-12
3059053300,2009-07-12
3059054558,2009-07-12
3059055864,2009-07-12
3059059414,2009-07-12
3059060554,2009-07-12
3059062088,2009-07-12
3059040066,2009-07-12
3059063316,2009-07-12
3059064144,2009-07-12
3059042146,2009-07-12
3059067310,2009-07-12
3059068764,2009-07-12
3059070676,2009-07-12
3059047326,2009-07-12
3059075650,2009-07-12
3059050682,2009-07-12
3059051302,2009-07-12
3059077396,2009-07-12
3059053074,2009-07-12
3059079610,2009-07-12
3059080850,2009-07-12
3059055434,2009-07-12
3059083292,2009-07-12
3059057234,2009-07-12
3059084504,2009-07-12
3059059994,2009-07-12
3059088518,2009-07-12
3059091018,2009-07-12
3059063686,2009-07-12
3059091988,2009-07-12
3059093980,2009-07-12
3059067244,2009-07-12
3059099366,2009-07-12
3059100856,2009-07-12
3059106732,2009-07-12
3059075930,2009-07-12
3059077190,2009-07-12
3059108938,2009-07-12
3059078648,2009-07-12
3059111222,2009-07-12
3059080354,2009-07-12
3059112956,2009-07-12
3059116528,2009-07-12
3059084246,2009-07-12
3059118962,2009-07-12
3059085470,2009-07-12
3059123390,2009-07-12
3059089290,2009-07-12
3059091244,2009-07-12
3059126172,2009-07-12
3059092836,2009-07-12
3059129052,2009-07-12
3059094556,2009-07-12
3059130566,2009-07-12
3059097576,2009-07-12
3059134108,2009-07-12
3059135536,2009-07-12
3059136770,2009-07-12
3059137996,2009-07-12
3059101642,2009-07-12
3059139454,2009-07-12
3059102812,2009-07-12
3059140924,2009-07-12
3059104502,2009-07-12
3059142578,2009-07-12
3059108308,2009-07-12
3059146594,2009-07-12
3059109266,2009-07-12
3059148102,2009-07-12
3059151528,2009-07-12
3059113180,2009-07-12
3059152290,2009-07-12
3059153438,2009-07-12
3059114754,2009-07-12
3059154376,2009-07-12
3059117214,2009-07-12
3059118406,2009-07-12
3059158562,2009-07-12
3059161106,2009-07-12
3059122882,2009-07-12
3059164220,2009-07-12
3059124292,2009-07-12
3059165594,2009-07-12
3059126056,2009-07-12
3059168440,2009-07-12
3059127374,2009-07-12
3059170440,2009-07-12
3059171312,2009-07-12
3059172620,2009-07-12
3059130450,2009-07-12
3059173818,2009-07-12
3059132452,2009-07-12
3059133638,2009-07-12
3059134408,2009-07-12
3059178576,2009-07-12
3059135826,2009-07-12
3059179420,2009-07-12
3059180592,2009-07-12
3059137688,2009-07-12
3059181568,2009-07-12
3059182576,2009-07-12
3059138674,2009-07-12
3059183798,2009-07-12
3059140990,2009-07-12
3059185644,2009-07-12
3059142038,2009-07-12
3059187206,2009-07-12
3059188222,2009-07-12
3059189190,2009-07-12
3059145462,2009-07-12
3059192880,2009-07-12
3059193788,2009-07-12
3059147794,2009-07-12
3059194908,2009-07-12
3059148600,2009-07-12
3059149372,2009-07-12
3059151150,2009-07-12
3059198054,2009-07-12
3059152656,2009-07-12
3059154270,2009-07-12
3059200614,2009-07-12
3059155856,2009-07-12
3059157226,2009-07-12
3059160512,2009-07-12
3059201616,2009-07-12
3059203468,2009-07-12
3059207324,2009-07-12
3059209618,2009-07-12
3059212910,2009-07-12
3059215050,2009-07-12
3059217340,2009-07-12
3059221024,2009-07-12
3059221794,2009-07-12
3059223636,2009-07-12
3059226402,2009-07-12
3059227850,2009-07-12
3059231178,2009-07-12
3059234780,2009-07-12
3059236628,2009-07-12
3059237630,2009-07-12
3059239244,2009-07-12
3059344486,2009-07-12
3059347092,2009-07-12
3059350588,2009-07-12
3059351326,2009-07-12
3059352508,2009-07-12
3059352944,2009-07-12
3059353492,2009-07-12
3059356168,2009-07-12
3059357136,2009-07-12
3059357692,2009-07-12
3059358200,2009-07-12
3059362012,2009-07-12
3059369206,2009-07-12
3059369614,2009-07-12
3059370784,2009-07-12
3059372288,2009-07-12
3059373158,2009-07-12
3059373582,2009-07-12
3059374054,2009-07-12
3059374754,2009-07-12
3059375144,2009-07-12
3059376388,2009-07-12
3059377092,2009-07-12
3059377906,2009-07-12
3059378388,2009-07-12
3059378708,2009-07-12
3059379544,2009-07-12
3059380504,2009-07-12
3059380918,2009-07-12
3059382420,2009-07-12
3059382984,2009-07-12
3059383942,2009-07-12
3059385240,2009-07-12
3059386314,2009-07-12
3059386794,2009-07-12
3059388640,2009-07-12
3059389090,2009-07-12
3059389770,2009-07-12
3059390278,2009-07-12
3059391242,2009-07-12
3059394364,2009-07-12
3059399296,2009-07-12
3059506244,2009-07-13
3059506578,2009-07-13
3059506958,2009-07-13
3059507476,2009-07-13
3059508732,2009-07-13
3059509526,2009-07-13
3059511218,2009-07-13
3059513592,2009-07-13
3059514266,2009-07-13
3059515510,2009-07-13
3059516208,2009-07-13
3059516944,2009-07-13
3059517716,2009-07-13
3059518172,2009-07-13
3059519956,2009-07-13
3059520290,2009-07-13
3059521134,2009-07-13
3059521478,2009-07-13
3059521820,2009-07-13
3059522270,2009-07-13
3059522586,2009-07-13
3059523204,2009-07-13
3059523956,2009-07-13
3059524474,2009-07-13
3059525488,2009-07-13
3059972398,2009-07-13
3059972630,2009-07-13
3059972908,2009-07-13
3059973114,2009-07-13
3059973640,2009-07-13
3059973962,2009-07-13
3059974412,2009-07-13
3059974750,2009-07-13
3059975164,2009-07-13
3059974704,2009-07-13
3059975764,2009-07-13
3059975846,2009-07-13
3059975914,2009-07-13
3059976166,2009-07-13
3059976298,2009-07-13
3059976588,2009-07-13
3059976992,2009-07-13
3059977066,2009-07-13
3059977070,2009-07-13
3059977402,2009-07-13
3059977368,2009-07-13
3059977670,2009-07-13
3059977332,2009-07-13
3059977358,2009-07-13
3059977614,2009-07-13
3059977930,2009-07-13
3059977958,2009-07-13
3059978118,2009-07-13
3059978206,2009-07-13
3059978360,2009-07-13
3059978358,2009-07-13
3059978408,2009-07-13
3059978566,2009-07-13
3059978632,2009-07-13
3059978752,2009-07-13
3059978352,2009-07-13
3059979068,2009-07-13
3059978970,2009-07-13
3059979264,2009-07-13
3059979314,2009-07-13
3059979362,2009-07-13
3059979606,2009-07-13
3059979610,2009-07-13
3059979842,2009-07-13
3059979854,2009-07-13
3059980010,2009-07-13
3059980052,2009-07-13
3059980472,2009-07-13
3059980620,2009-07-13
3059980372,2009-07-13
3059980382,2009-07-13
3059980508,2009-07-13
3059980850,2009-07-13
3059980670,2009-07-13
3059980992,2009-07-13
3059981050,2009-07-13
3059981278,2009-07-13
3059981356,2009-07-13
3059981200,2009-07-13
3059981132,2009-07-13
3059981194,2009-07-13
3059981618,2009-07-13
3059981656,2009-07-13
3059981892,2009-07-13
3059981878,2009-07-13
3059981928,2009-07-13
3059981800,2009-07-13
3059982024,2009-07-13
3059981764,2009-07-13
3059982086,2009-07-13
3059982308,2009-07-13
3059982442,2009-07-13
3059982598,2009-07-13
3059982748,2009-07-13
3059982940,2009-07-13
3059982772,2009-07-13
3059982918,2009-07-13
3059983136,2009-07-13
3059983142,2009-07-13
3059983292,2009-07-13
3059983594,2009-07-13
3059983644,2009-07-13
3059983444,2009-07-13
3059983790,2009-07-13
3059983996,2009-07-13
3059984146,2009-07-13
3059984246,2009-07-13
3059983938,2009-07-13
3059984330,2009-07-13
3059984508,2009-07-13
3059984172,2009-07-13
3059984668,2009-07-13
3059984756,2009-07-13
3059984822,2009-07-13
3059984834,2009-07-13
3059985206,2009-07-13
3059985176,2009-07-13
3059984724,2009-07-13
3059985278,2009-07-13
3059985420,2009-07-13
3059985508,2009-07-13
3059985678,2009-07-13
3059985670,2009-07-13
3059985350,2009-07-13
3059985828,2009-07-13
3059985954,2009-07-13
3059986068,2009-07-13
3059986242,2009-07-13
3059986236,2009-07-13
3059985900,2009-07-13
3059986500,2009-07-13
3059986586,2009-07-13
3059986348,2009-07-13
3059986238,2009-07-13
3059986740,2009-07-13
3059986332,2009-07-13
3059986954,2009-07-13
3059987034,2009-07-13
3059987408,2009-07-13
3059987564,2009-07-13
3059987526,2009-07-13
3059987058,2009-07-13
3059987762,2009-07-13
3059987932,2009-07-13
3059987490,2009-07-13
3059987972,2009-07-13
3059988128,2009-07-13
3059988212,2009-07-13
3059987524,2009-07-13
3059987532,2009-07-13
3059987856,2009-07-13
3059988558,2009-07-13
3059988616,2009-07-13
3059988552,2009-07-13
3059988746,2009-07-13
3059988912,2009-07-13
3059989204,2009-07-13
3059989154,2009-07-13
3059989376,2009-07-13
3059989432,2009-07-13
3059989520,2009-07-13
3059989064,2009-07-13
3059988860,2009-07-13
3059988904,2009-07-13
3059989866,2009-07-13
3059989800,2009-07-13
3059989674,2009-07-13
3059990198,2009-07-13
3059990466,2009-07-13
3059990434,2009-07-13
3059991064,2009-07-13
3059990928,2009-07-13
3059991222,2009-07-13
3059990312,2009-07-13
3059990678,2009-07-13
3059991776,2009-07-13
3059991736,2009-07-13
3059991260,2009-07-13
3059990994,2009-07-13
3059992064,2009-07-13
3059991700,2009-07-13
3059991396,2009-07-13
3059991404,2009-07-13
3059992690,2009-07-13
3059992928,2009-07-13
3059992168,2009-07-13
3059993166,2009-07-13
3059992122,2009-07-13
3059993588,2009-07-13
3059992528,2009-07-13
3059993536,2009-07-13
3059992942,2009-07-13
3059994114,2009-07-13
3059992824,2009-07-13
3059994224,2009-07-13
3059994372,2009-07-13
3059993476,2009-07-13
3059993092,2009-07-13
3059994762,2009-07-13
3059993380,2009-07-13
3059994958,2009-07-13
3059995124,2009-07-13
3059993724,2009-07-13
3059994286,2009-07-13
3059995370,2009-07-13
3059994200,2009-07-13
3059996132,2009-07-13
3059996122,2009-07-13
3059994540,2009-07-13
3059996416,2009-07-13
3059996636,2009-07-13
3059996934,2009-07-13
3059995348,2009-07-13
3059997456,2009-07-13
3059995982,2009-07-13
3059995746,2009-07-13
3059997906,2009-07-13
3059996540,2009-07-13
3059996100,2009-07-13
3059996154,2009-07-13
3059997152,2009-07-13
3059996514,2009-07-13
3059996638,2009-07-13
3059999292,2009-07-13
3059999642,2009-07-13
3059997500,2009-07-13
3059997566,2009-07-13
3059998262,2009-07-13
3060000050,2009-07-13
3059997920,2009-07-13
3059998558,2009-07-13
3059997986,2009-07-13
3059998220,2009-07-13
3059998426,2009-07-13
3059998344,2009-07-13
3060000788,2009-07-13
3059998838,2009-07-13
3059998804,2009-07-13
3059998810,2009-07-13
3060001172,2009-07-13
3059999186,2009-07-13
3059999700,2009-07-13
3059999872,2009-07-13
3059999608,2009-07-13
3060000354,2009-07-13
3060000054,2009-07-13
3060002598,2009-07-13
3060000780,2009-07-13
3060000622,2009-07-13
3060001266,2009-07-13
3060000846,2009-07-13
3060003328,2009-07-13
3060001802,2009-07-13
3060004336,2009-07-13
3060002378,2009-07-13
3060002594,2009-07-13
3060002148,2009-07-13
3060004734,2009-07-13
3060002846,2009-07-13
3060003078,2009-07-13
3060002912,2009-07-13
3060005542,2009-07-13
3060003474,2009-07-13
3060003740,2009-07-13
3060003964,2009-07-13
3060006226,2009-07-13
3060004168,2009-07-13
3060006776,2009-07-13
3060004592,2009-07-13
3060004278,2009-07-13
3060007180,2009-07-13
3060005234,2009-07-13
3060005510,2009-07-13
3060005422,2009-07-13
3060006172,2009-07-13
3060006620,2009-07-13
3060005912,2009-07-13
3060006828,2009-07-13
3060007164,2009-07-13
3060009430,2009-07-13
3060006936,2009-07-13
3060007734,2009-07-13
3060007964,2009-07-13
3060010268,2009-07-13
3060008368,2009-07-13
3060010700,2009-07-13
3060008592,2009-07-13
3060007796,2009-07-13
3060008822,2009-07-13
3060007990,2009-07-13
3060009070,2009-07-13
3060011310,2009-07-13
3060008376,2009-07-13
3060009462,2009-07-13
3060011818,2009-07-13
3060009842,2009-07-13
3060010214,2009-07-13
3060009242,2009-07-13
3060010656,2009-07-13
3060010866,2009-07-13
3060009762,2009-07-13
3060011282,2009-07-13
3060013870,2009-07-13
3060011968,2009-07-13
3060010890,2009-07-13
3060014416,2009-07-13
3060012260,2009-07-13
3060011142,2009-07-13
3060012522,2009-07-13
3060011384,2009-07-13
3060014886,2009-07-13
3060013012,2009-07-13
3060015410,2009-07-13
3060015912,2009-07-13
3060013756,2009-07-13
3060016358,2009-07-13
3060014430,2009-07-13
3060014884,2009-07-13
3060017056,2009-07-13
3060015314,2009-07-13
3060017462,2009-07-13
3060015512,2009-07-13
3060015958,2009-07-13
3060016436,2009-07-13
3060018758,2009-07-13
3060016670,2009-07-13
3060016864,2009-07-13
3060017148,2009-07-13
3060017368,2009-07-13
3060019516,2009-07-13
3060017626,2009-07-13
3060020156,2009-07-13
3060018038,2009-07-13
3060018218,2009-07-13
3060018636,2009-07-13
3060021116,2009-07-13
3060019362,2009-07-13
3060021494,2009-07-13
3060019568,2009-07-13
3060019828,2009-07-13
3060020096,2009-07-13
3060020640,2009-07-13
3060023236,2009-07-13
3060023580,2009-07-13
3060024724,2009-07-13
3060021402,2009-07-13
3060021624,2009-07-13
3060021830,2009-07-13
3060022242,2009-07-13
3060022428,2009-07-13
3060025778,2009-07-13
3060026330,2009-07-13
3060023046,2009-07-13
3060026708,2009-07-13
3060023350,2009-07-13
3060023728,2009-07-13
3060027154,2009-07-13
3060023926,2009-07-13
3060027700,2009-07-13
3060024326,2009-07-13
3060024542,2009-07-13
3060024858,2009-07-13
3060025414,2009-07-13
3060028890,2009-07-13
3060025824,2009-07-13
3060029698,2009-07-13
3060026642,2009-07-13
3060030074,2009-07-13
3060027086,2009-07-13
3060027250,2009-07-13
3060030604,2009-07-13
3060027890,2009-07-13
3060028172,2009-07-13
3060028386,2009-07-13
3060031856,2009-07-13
3060028710,2009-07-13
3060032172,2009-07-13
3060029228,2009-07-13
3060029432,2009-07-13
3060029694,2009-07-13
3060029966,2009-07-13
3060033462,2009-07-13
3060030514,2009-07-13
3060033910,2009-07-13
3060031130,2009-07-13
3060031442,2009-07-13
3060031670,2009-07-13
3060035096,2009-07-13
3060032406,2009-07-13
3060032604,2009-07-13
3060032828,2009-07-13
3060035956,2009-07-13
3060033092,2009-07-13
3060033392,2009-07-13
3060036594,2009-07-13
3060033598,2009-07-13
3060033960,2009-07-13
3060034158,2009-07-13
3060034360,2009-07-13
3060034942,2009-07-13
3060035134,2009-07-13
3060035348,2009-07-13
3060035782,2009-07-13
3060038860,2009-07-13
3060035966,2009-07-13
3060036250,2009-07-13
3060039582,2009-07-13
3060036800,2009-07-13
3060037388,2009-07-13
3060037578,2009-07-13
3060041666,2009-07-13
3060042492,2009-07-13
3060043024,2009-07-13
3060044216,2009-07-13
3060045392,2009-07-13
3060046350,2009-07-13
3060047552,2009-07-13
3060047872,2009-07-13
3060048618,2009-07-13
3060049104,2009-07-13
3060051168,2009-07-13
3060051654,2009-07-13
3060051920,2009-07-13
3060052188,2009-07-13
3060052404,2009-07-13
3060052598,2009-07-13
3060052734,2009-07-13
3060052944,2009-07-13
3060053292,2009-07-13
3060053424,2009-07-13
3060054222,2009-07-13
3060054948,2009-07-13
3060055368,2009-07-13
3060056016,2009-07-13
3060056160,2009-07-13
3060056392,2009-07-13
3060056978,2009-07-13
3060057154,2009-07-13
3060057324,2009-07-13
3060058252,2009-07-13
3060058424,2009-07-13
3060058570,2009-07-13
3060059042,2009-07-13
3060059222,2009-07-13
3060059704,2009-07-13
3060166260,2009-07-13
3060166902,2009-07-13
3060167228,2009-07-13
3060167576,2009-07-13
3060167712,2009-07-13
3060168078,2009-07-13
3060168456,2009-07-13
3060168960,2009-07-13
3060169286,2009-07-13
3060169772,2009-07-13
3060170108,2009-07-13
3060170228,2009-07-13
3060170456,2009-07-13
3060170846,2009-07-13
3060171262,2009-07-13
3060171934,2009-07-13
3060172384,2009-07-13
3060172536,2009-07-13
3060172684,2009-07-13
3060172856,2009-07-13
3060173244,2009-07-13
3060173494,2009-07-13
3060173648,2009-07-13
3060174176,2009-07-13
3060174588,2009-07-13
3060175326,2009-07-13
3060175518,2009-07-13
3060175658,2009-07-13
3060176174,2009-07-13
3060176310,2009-07-13
3060176458,2009-07-13
3060177016,2009-07-13
3060177210,2009-07-13
3060177370,2009-07-13
3060177858,2009-07-13
3060178260,2009-07-13
3060178592,2009-07-13
3060178756,2009-07-13
3060178924,2009-07-13
3060179142,2009-07-13
3060179364,2009-07-13
3060179504,2009-07-13
3060179726,2009-07-13
3060180014,2009-07-13
3060180452,2009-07-13
3060180608,2009-07-13
3060180744,2009-07-13
3060180944,2009-07-13
3060181230,2009-07-13
3060181522,2009-07-13
3060181764,2009-07-13
3060181926,2009-07-13
3060182680,2009-07-13
3060183228,2009-07-13
3060183518,2009-07-13
3060184048,2009-07-13
3060184560,2009-07-13
3060184684,2009-07-13
3060184856,2009-07-13
3060185288,2009-07-13
3060185492,2009-07-13
3060185952,2009-07-13
3060186484,2009-07-13
3060186624,2009-07-13
3060186792,2009-07-13
3060186938,2009-07-13
3060187064,2009-07-13
3060187214,2009-07-13
3060187672,2009-07-13
3060188026,2009-07-13
3060188342,2009-07-13
3060188628,2009-07-13
3060188812,2009-07-13
3060189000,2009-07-13
3060189146,2009-07-13
3060189290,2009-07-13
3060189462,2009-07-13
3060189754,2009-07-13
3060190024,2009-07-13
3060190378,2009-07-13
3060190762,2009-07-13
3060190892,2009-07-13
3060191110,2009-07-13
3060191278,2009-07-13
3060196648,2009-07-13
3060196782,2009-07-13
3060197012,2009-07-13
3060197352,2009-07-13
3060197560,2009-07-13
3060197910,2009-07-13
3060198070,2009-07-13
3060198442,2009-07-13
3060198676,2009-07-13
3060198818,2009-07-13
3060199250,2009-07-13
3060199760,2009-07-13
3060199924,2009-07-13
3060200060,2009-07-13
3060200198,2009-07-13
3060200356,2009-07-13
3060200688,2009-07-13
3060200808,2009-07-13
3060201076,2009-07-13
3060201198,2009-07-13
3060201522,2009-07-13
3060201854,2009-07-13
3060202566,2009-07-13
3060202794,2009-07-13
3060202910,2009-07-13
3060203280,2009-07-13
3060203628,2009-07-13
3060203768,2009-07-13
3060203866,2009-07-13
3060255358,2009-07-13
3060255440,2009-07-13
3060255552,2009-07-13
3060255764,2009-07-13
3060255882,2009-07-13
3060256208,2009-07-13
3060256346,2009-07-13
3060256526,2009-07-13
3060256652,2009-07-13
3060256770,2009-07-13
3060268404,2009-07-13
3060268756,2009-07-13
3060268928,2009-07-13
3060269082,2009-07-13
3060269392,2009-07-13
3060269932,2009-07-13
3060270340,2009-07-13
3060270468,2009-07-13
3060270568,2009-07-13
3060270708,2009-07-13
3060270866,2009-07-13
3060271334,2009-07-13
3060271512,2009-07-13
3060271652,2009-07-13
3060272198,2009-07-13
3060282028,2009-07-13
3060282384,2009-07-13
3060282780,2009-07-13
3060283162,2009-07-13
3060283514,2009-07-13
3060283644,2009-07-13
3060283696,2009-07-13
3060283824,2009-07-13
3060283838,2009-07-13
3060284044,2009-07-13
3060283958,2009-07-13
3060284136,2009-07-13
3060284496,2009-07-13
3060284528,2009-07-13
3060284618,2009-07-13
3060285258,2009-07-13
3060285404,2009-07-13
3060285612,2009-07-13
3060286222,2009-07-13
3060286600,2009-07-13
3060304460,2009-07-13
3060304616,2009-07-13
3060304798,2009-07-13
3060304928,2009-07-13
3060305784,2009-07-13
3060306266,2009-07-13
3060306494,2009-07-13
3060307766,2009-07-13
3060308114,2009-07-13
3060308734,2009-07-13
3060308952,2009-07-13
3060309130,2009-07-13
3060309458,2009-07-13
3060309602,2009-07-13
3060309778,2009-07-13
3060310584,2009-07-13
3060311960,2009-07-13
3060312846,2009-07-13
3060313734,2009-07-13
3060313872,2009-07-13
3060314004,2009-07-13
3060315050,2009-07-13
3060315166,2009-07-13
